[
{
  "model": "auth.permission",
  "pk": 1,
  "fields": {
    "name": "Can add log entry",
    "content_type": 1,
    "codename": "add_logentry"
  }
},
{
  "model": "auth.permission",
  "pk": 2,
  "fields": {
    "name": "Can change log entry",
    "content_type": 1,
    "codename": "change_logentry"
  }
},
{
  "model": "auth.permission",
  "pk": 3,
  "fields": {
    "name": "Can delete log entry",
    "content_type": 1,
    "codename": "delete_logentry"
  }
},
{
  "model": "auth.permission",
  "pk": 4,
  "fields": {
    "name": "Can view log entry",
    "content_type": 1,
    "codename": "view_logentry"
  }
},
{
  "model": "auth.permission",
  "pk": 5,
  "fields": {
    "name": "Can add permission",
    "content_type": 2,
    "codename": "add_permission"
  }
},
{
  "model": "auth.permission",
  "pk": 6,
  "fields": {
    "name": "Can change permission",
    "content_type": 2,
    "codename": "change_permission"
  }
},
{
  "model": "auth.permission",
  "pk": 7,
  "fields": {
    "name": "Can delete permission",
    "content_type": 2,
    "codename": "delete_permission"
  }
},
{
  "model": "auth.permission",
  "pk": 8,
  "fields": {
    "name": "Can view permission",
    "content_type": 2,
    "codename": "view_permission"
  }
},
{
  "model": "auth.permission",
  "pk": 9,
  "fields": {
    "name": "Can add group",
    "content_type": 3,
    "codename": "add_group"
  }
},
{
  "model": "auth.permission",
  "pk": 10,
  "fields": {
    "name": "Can change group",
    "content_type": 3,
    "codename": "change_group"
  }
},
{
  "model": "auth.permission",
  "pk": 11,
  "fields": {
    "name": "Can delete group",
    "content_type": 3,
    "codename": "delete_group"
  }
},
{
  "model": "auth.permission",
  "pk": 12,
  "fields": {
    "name": "Can view group",
    "content_type": 3,
    "codename": "view_group"
  }
},
{
  "model": "auth.permission",
  "pk": 13,
  "fields": {
    "name": "Can add user",
    "content_type": 4,
    "codename": "add_user"
  }
},
{
  "model": "auth.permission",
  "pk": 14,
  "fields": {
    "name": "Can change user",
    "content_type": 4,
    "codename": "change_user"
  }
},
{
  "model": "auth.permission",
  "pk": 15,
  "fields": {
    "name": "Can delete user",
    "content_type": 4,
    "codename": "delete_user"
  }
},
{
  "model": "auth.permission",
  "pk": 16,
  "fields": {
    "name": "Can view user",
    "content_type": 4,
    "codename": "view_user"
  }
},
{
  "model": "auth.permission",
  "pk": 17,
  "fields": {
    "name": "Can add content type",
    "content_type": 5,
    "codename": "add_contenttype"
  }
},
{
  "model": "auth.permission",
  "pk": 18,
  "fields": {
    "name": "Can change content type",
    "content_type": 5,
    "codename": "change_contenttype"
  }
},
{
  "model": "auth.permission",
  "pk": 19,
  "fields": {
    "name": "Can delete content type",
    "content_type": 5,
    "codename": "delete_contenttype"
  }
},
{
  "model": "auth.permission",
  "pk": 20,
  "fields": {
    "name": "Can view content type",
    "content_type": 5,
    "codename": "view_contenttype"
  }
},
{
  "model": "auth.permission",
  "pk": 21,
  "fields": {
    "name": "Can add session",
    "content_type": 6,
    "codename": "add_session"
  }
},
{
  "model": "auth.permission",
  "pk": 22,
  "fields": {
    "name": "Can change session",
    "content_type": 6,
    "codename": "change_session"
  }
},
{
  "model": "auth.permission",
  "pk": 23,
  "fields": {
    "name": "Can delete session",
    "content_type": 6,
    "codename": "delete_session"
  }
},
{
  "model": "auth.permission",
  "pk": 24,
  "fields": {
    "name": "Can view session",
    "content_type": 6,
    "codename": "view_session"
  }
},
{
  "model": "auth.permission",
  "pk": 25,
  "fields": {
    "name": "Can add aluno",
    "content_type": 7,
    "codename": "add_aluno"
  }
},
{
  "model": "auth.permission",
  "pk": 26,
  "fields": {
    "name": "Can change aluno",
    "content_type": 7,
    "codename": "change_aluno"
  }
},
{
  "model": "auth.permission",
  "pk": 27,
  "fields": {
    "name": "Can delete aluno",
    "content_type": 7,
    "codename": "delete_aluno"
  }
},
{
  "model": "auth.permission",
  "pk": 28,
  "fields": {
    "name": "Can view aluno",
    "content_type": 7,
    "codename": "view_aluno"
  }
},
{
  "model": "auth.permission",
  "pk": 29,
  "fields": {
    "name": "Can add teste",
    "content_type": 8,
    "codename": "add_teste"
  }
},
{
  "model": "auth.permission",
  "pk": 30,
  "fields": {
    "name": "Can change teste",
    "content_type": 8,
    "codename": "change_teste"
  }
},
{
  "model": "auth.permission",
  "pk": 31,
  "fields": {
    "name": "Can delete teste",
    "content_type": 8,
    "codename": "delete_teste"
  }
},
{
  "model": "auth.permission",
  "pk": 32,
  "fields": {
    "name": "Can view teste",
    "content_type": 8,
    "codename": "view_teste"
  }
},
{
  "model": "auth.permission",
  "pk": 33,
  "fields": {
    "name": "Can add turma",
    "content_type": 9,
    "codename": "add_turma"
  }
},
{
  "model": "auth.permission",
  "pk": 34,
  "fields": {
    "name": "Can change turma",
    "content_type": 9,
    "codename": "change_turma"
  }
},
{
  "model": "auth.permission",
  "pk": 35,
  "fields": {
    "name": "Can delete turma",
    "content_type": 9,
    "codename": "delete_turma"
  }
},
{
  "model": "auth.permission",
  "pk": 36,
  "fields": {
    "name": "Can view turma",
    "content_type": 9,
    "codename": "view_turma"
  }
},
{
  "model": "auth.permission",
  "pk": 37,
  "fields": {
    "name": "Can add universidade",
    "content_type": 10,
    "codename": "add_universidade"
  }
},
{
  "model": "auth.permission",
  "pk": 38,
  "fields": {
    "name": "Can change universidade",
    "content_type": 10,
    "codename": "change_universidade"
  }
},
{
  "model": "auth.permission",
  "pk": 39,
  "fields": {
    "name": "Can delete universidade",
    "content_type": 10,
    "codename": "delete_universidade"
  }
},
{
  "model": "auth.permission",
  "pk": 40,
  "fields": {
    "name": "Can view universidade",
    "content_type": 10,
    "codename": "view_universidade"
  }
},
{
  "model": "auth.permission",
  "pk": 41,
  "fields": {
    "name": "Can add resultado",
    "content_type": 11,
    "codename": "add_resultado"
  }
},
{
  "model": "auth.permission",
  "pk": 42,
  "fields": {
    "name": "Can change resultado",
    "content_type": 11,
    "codename": "change_resultado"
  }
},
{
  "model": "auth.permission",
  "pk": 43,
  "fields": {
    "name": "Can delete resultado",
    "content_type": 11,
    "codename": "delete_resultado"
  }
},
{
  "model": "auth.permission",
  "pk": 44,
  "fields": {
    "name": "Can view resultado",
    "content_type": 11,
    "codename": "view_resultado"
  }
},
{
  "model": "auth.permission",
  "pk": 45,
  "fields": {
    "name": "Can add pergunta",
    "content_type": 12,
    "codename": "add_pergunta"
  }
},
{
  "model": "auth.permission",
  "pk": 46,
  "fields": {
    "name": "Can change pergunta",
    "content_type": 12,
    "codename": "change_pergunta"
  }
},
{
  "model": "auth.permission",
  "pk": 47,
  "fields": {
    "name": "Can delete pergunta",
    "content_type": 12,
    "codename": "delete_pergunta"
  }
},
{
  "model": "auth.permission",
  "pk": 48,
  "fields": {
    "name": "Can view pergunta",
    "content_type": 12,
    "codename": "view_pergunta"
  }
},
{
  "model": "auth.permission",
  "pk": 49,
  "fields": {
    "name": "Can add link",
    "content_type": 13,
    "codename": "add_link"
  }
},
{
  "model": "auth.permission",
  "pk": 50,
  "fields": {
    "name": "Can change link",
    "content_type": 13,
    "codename": "change_link"
  }
},
{
  "model": "auth.permission",
  "pk": 51,
  "fields": {
    "name": "Can delete link",
    "content_type": 13,
    "codename": "delete_link"
  }
},
{
  "model": "auth.permission",
  "pk": 52,
  "fields": {
    "name": "Can view link",
    "content_type": 13,
    "codename": "view_link"
  }
},
{
  "model": "auth.permission",
  "pk": 53,
  "fields": {
    "name": "Can add alternativa",
    "content_type": 14,
    "codename": "add_alternativa"
  }
},
{
  "model": "auth.permission",
  "pk": 54,
  "fields": {
    "name": "Can change alternativa",
    "content_type": 14,
    "codename": "change_alternativa"
  }
},
{
  "model": "auth.permission",
  "pk": 55,
  "fields": {
    "name": "Can delete alternativa",
    "content_type": 14,
    "codename": "delete_alternativa"
  }
},
{
  "model": "auth.permission",
  "pk": 56,
  "fields": {
    "name": "Can view alternativa",
    "content_type": 14,
    "codename": "view_alternativa"
  }
},
{
  "model": "auth.user",
  "pk": 1,
  "fields": {
    "password": "pbkdf2_sha256$320000$3kAN6mVpP8cx3RmVnp8A37$4RiAa1ryuIFLZfLLnLJVE9JQMnby0Wg3VCs7KHpLLyI=",
    "last_login": null,
    "is_superuser": true,
    "username": "ads_disc",
    "first_name": "",
    "last_name": "",
    "email": "ads_disc@admin.com.br",
    "is_staff": true,
    "is_active": true,
    "date_joined": "2022-06-28T01:45:49.960Z",
    "groups": [],
    "user_permissions": []
  }
},
{
  "model": "contenttypes.contenttype",
  "pk": 1,
  "fields": {
    "app_label": "admin",
    "model": "logentry"
  }
},
{
  "model": "contenttypes.contenttype",
  "pk": 2,
  "fields": {
    "app_label": "auth",
    "model": "permission"
  }
},
{
  "model": "contenttypes.contenttype",
  "pk": 3,
  "fields": {
    "app_label": "auth",
    "model": "group"
  }
},
{
  "model": "contenttypes.contenttype",
  "pk": 4,
  "fields": {
    "app_label": "auth",
    "model": "user"
  }
},
{
  "model": "contenttypes.contenttype",
  "pk": 5,
  "fields": {
    "app_label": "contenttypes",
    "model": "contenttype"
  }
},
{
  "model": "contenttypes.contenttype",
  "pk": 6,
  "fields": {
    "app_label": "sessions",
    "model": "session"
  }
},
{
  "model": "contenttypes.contenttype",
  "pk": 7,
  "fields": {
    "app_label": "disc_website",
    "model": "aluno"
  }
},
{
  "model": "contenttypes.contenttype",
  "pk": 8,
  "fields": {
    "app_label": "disc_website",
    "model": "teste"
  }
},
{
  "model": "contenttypes.contenttype",
  "pk": 9,
  "fields": {
    "app_label": "disc_website",
    "model": "turma"
  }
},
{
  "model": "contenttypes.contenttype",
  "pk": 10,
  "fields": {
    "app_label": "disc_website",
    "model": "universidade"
  }
},
{
  "model": "contenttypes.contenttype",
  "pk": 11,
  "fields": {
    "app_label": "disc_website",
    "model": "resultado"
  }
},
{
  "model": "contenttypes.contenttype",
  "pk": 12,
  "fields": {
    "app_label": "disc_website",
    "model": "pergunta"
  }
},
{
  "model": "contenttypes.contenttype",
  "pk": 13,
  "fields": {
    "app_label": "disc_website",
    "model": "link"
  }
},
{
  "model": "contenttypes.contenttype",
  "pk": 14,
  "fields": {
    "app_label": "disc_website",
    "model": "alternativa"
  }
},
{
  "model": "disc_website.aluno",
  "pk": 1,
  "fields": {
    "nome": "Andre",
    "ra": 456,
    "email": "andre@biopark.com",
    "aluno_empregado": true
  }
},
{
  "model": "disc_website.aluno",
  "pk": 2,
  "fields": {
    "nome": "Caio",
    "ra": 789,
    "email": "caio@biopark.com",
    "aluno_empregado": false
  }
},
{
  "model": "disc_website.aluno",
  "pk": 3,
  "fields": {
    "nome": "Allan",
    "ra": 1,
    "email": "allan@biopark.com",
    "aluno_empregado": true
  }
},
{
  "model": "disc_website.aluno",
  "pk": 4,
  "fields": {
    "nome": "Rodolfo",
    "ra": 78,
    "email": "rodolfo@gmail.com",
    "aluno_empregado": false
  }
},
{
  "model": "disc_website.aluno",
  "pk": 5,
  "fields": {
    "nome": "Lucas",
    "ra": 7891,
    "email": "lucas@biopark.com",
    "aluno_empregado": false
  }
},
{
  "model": "disc_website.aluno",
  "pk": 6,
  "fields": {
    "nome": "Gabriel Cavalcante",
    "ra": 123,
    "email": "gabriel@ssys.com.br",
    "aluno_empregado": true
  }
},
{
  "model": "disc_website.resultado",
  "pk": 1,
  "fields": {
    "aluno": 3,
    "data_ini": "2022-03-28T20:53:01.992Z",
    "data_fim": "2022-03-28T20:53:01.992Z",
    "influencia": 0.0,
    "dominancia": 0.0,
    "cautela": 0.5,
    "estabilidade": 0.5,
    "resultado_final": "Cauteloso Est▀vel"
  }
},
{
  "model": "disc_website.resultado",
  "pk": 2,
  "fields": {
    "aluno": 2,
    "data_ini": "2022-03-28T21:36:13.990Z",
    "data_fim": "2022-03-28T21:36:13.990Z",
    "influencia": 0.1,
    "dominancia": 0.4,
    "cautela": 0.3,
    "estabilidade": 0.2,
    "resultado_final": "Dominante"
  }
},
{
  "model": "disc_website.resultado",
  "pk": 3,
  "fields": {
    "aluno": 4,
    "data_ini": "2022-03-28T21:36:51Z",
    "data_fim": "2022-03-28T21:36:51Z",
    "influencia": 0.25,
    "dominancia": 0.25,
    "cautela": 0.25,
    "estabilidade": 0.25,
    "resultado_final": "Dominante Cauteloso Influente Est▀vel"
  }
},
{
  "model": "disc_website.resultado",
  "pk": 4,
  "fields": {
    "aluno": 5,
    "data_ini": "2022-03-28T21:58:09.057Z",
    "data_fim": "2022-03-28T21:58:09.057Z",
    "influencia": 0.7,
    "dominancia": 0.3,
    "cautela": 0.0,
    "estabilidade": 0.0,
    "resultado_final": "Influente"
  }
},
{
  "model": "disc_website.resultado",
  "pk": 5,
  "fields": {
    "aluno": 6,
    "data_ini": "2022-03-28T22:02:35.273Z",
    "data_fim": "2022-03-28T22:02:35.273Z",
    "influencia": 0.0,
    "dominancia": 1.0,
    "cautela": 0.0,
    "estabilidade": 0.0,
    "resultado_final": "Dominante"
  }
},
{
  "model": "disc_website.teste",
  "pk": 1,
  "fields": {
    "nome": "An▀lise de Perfil (DISC)",
    "tipo": 1
  }
},
{
  "model": "disc_website.pergunta",
  "pk": 1,
  "fields": {
    "teste": 1,
    "enunciado": "QuestÊo 1"
  }
},
{
  "model": "disc_website.pergunta",
  "pk": 2,
  "fields": {
    "teste": 1,
    "enunciado": "QuestÊo 2"
  }
},
{
  "model": "disc_website.pergunta",
  "pk": 3,
  "fields": {
    "teste": 1,
    "enunciado": "QuestÊo 3"
  }
},
{
  "model": "disc_website.pergunta",
  "pk": 4,
  "fields": {
    "teste": 1,
    "enunciado": "QuestÊo 4"
  }
},
{
  "model": "disc_website.pergunta",
  "pk": 5,
  "fields": {
    "teste": 1,
    "enunciado": "QuestÊo 5"
  }
},
{
  "model": "disc_website.pergunta",
  "pk": 6,
  "fields": {
    "teste": 1,
    "enunciado": "QuestÊo 6"
  }
},
{
  "model": "disc_website.pergunta",
  "pk": 7,
  "fields": {
    "teste": 1,
    "enunciado": "QuestÊo 7"
  }
},
{
  "model": "disc_website.pergunta",
  "pk": 8,
  "fields": {
    "teste": 1,
    "enunciado": "QuestÊo 8"
  }
},
{
  "model": "disc_website.pergunta",
  "pk": 9,
  "fields": {
    "teste": 1,
    "enunciado": "QuestÊo 9"
  }
},
{
  "model": "disc_website.pergunta",
  "pk": 10,
  "fields": {
    "teste": 1,
    "enunciado": "QuestÊo 10"
  }
},
{
  "model": "disc_website.pergunta",
  "pk": 11,
  "fields": {
    "teste": 1,
    "enunciado": "QuestÊo 11"
  }
},
{
  "model": "disc_website.pergunta",
  "pk": 12,
  "fields": {
    "teste": 1,
    "enunciado": "QuestÊo 12"
  }
},
{
  "model": "disc_website.pergunta",
  "pk": 13,
  "fields": {
    "teste": 1,
    "enunciado": "QuestÊo 13"
  }
},
{
  "model": "disc_website.pergunta",
  "pk": 14,
  "fields": {
    "teste": 1,
    "enunciado": "QuestÊo 14"
  }
},
{
  "model": "disc_website.pergunta",
  "pk": 15,
  "fields": {
    "teste": 1,
    "enunciado": "QuestÊo 15"
  }
},
{
  "model": "disc_website.pergunta",
  "pk": 16,
  "fields": {
    "teste": 1,
    "enunciado": "QuestÊo 16"
  }
},
{
  "model": "disc_website.pergunta",
  "pk": 17,
  "fields": {
    "teste": 1,
    "enunciado": "QuestÊo 17"
  }
},
{
  "model": "disc_website.pergunta",
  "pk": 18,
  "fields": {
    "teste": 1,
    "enunciado": "QuestÊo 18"
  }
},
{
  "model": "disc_website.pergunta",
  "pk": 19,
  "fields": {
    "teste": 1,
    "enunciado": "QuestÊo 19"
  }
},
{
  "model": "disc_website.pergunta",
  "pk": 20,
  "fields": {
    "teste": 1,
    "enunciado": "QuestÊo 20"
  }
},
{
  "model": "disc_website.pergunta",
  "pk": 21,
  "fields": {
    "teste": 1,
    "enunciado": "QuestÊo 21"
  }
},
{
  "model": "disc_website.pergunta",
  "pk": 22,
  "fields": {
    "teste": 1,
    "enunciado": "QuestÊo 22"
  }
},
{
  "model": "disc_website.pergunta",
  "pk": 23,
  "fields": {
    "teste": 1,
    "enunciado": "QuestÊo 23"
  }
},
{
  "model": "disc_website.pergunta",
  "pk": 24,
  "fields": {
    "teste": 1,
    "enunciado": "QuestÊo 24"
  }
},
{
  "model": "disc_website.alternativa",
  "pk": 1,
  "fields": {
    "pergunta": 1,
    "conteudo": "am▀vel, gentil",
    "perfil": 3
  }
},
{
  "model": "disc_website.alternativa",
  "pk": 2,
  "fields": {
    "pergunta": 1,
    "conteudo": "persuasivo, convincente",
    "perfil": 1
  }
},
{
  "model": "disc_website.alternativa",
  "pk": 3,
  "fields": {
    "pergunta": 1,
    "conteudo": "humilde, reservado, modesto",
    "perfil": 4
  }
},
{
  "model": "disc_website.alternativa",
  "pk": 4,
  "fields": {
    "pergunta": 1,
    "conteudo": "original, inovador, diferente",
    "perfil": 2
  }
},
{
  "model": "disc_website.alternativa",
  "pk": 5,
  "fields": {
    "pergunta": 2,
    "conteudo": "atrativo, simp▀tico, agrad▀vel para os demais",
    "perfil": 2
  }
},
{
  "model": "disc_website.alternativa",
  "pk": 6,
  "fields": {
    "pergunta": 2,
    "conteudo": "cooperativo, est▀ de acordo com frequ█ncia",
    "perfil": 4
  }
},
{
  "model": "disc_website.alternativa",
  "pk": 7,
  "fields": {
    "pergunta": 2,
    "conteudo": "teimoso, tenaz, combativo",
    "perfil": 1
  }
},
{
  "model": "disc_website.alternativa",
  "pk": 8,
  "fields": {
    "pergunta": 2,
    "conteudo": "doce, complacente",
    "perfil": 3
  }
},
{
  "model": "disc_website.alternativa",
  "pk": 9,
  "fields": {
    "pergunta": 3,
    "conteudo": "f▀cil de guiar, seguidor",
    "perfil": 3
  }
},
{
  "model": "disc_website.alternativa",
  "pk": 10,
  "fields": {
    "pergunta": 3,
    "conteudo": "direto, desafiador",
    "perfil": 1
  }
},
{
  "model": "disc_website.alternativa",
  "pk": 11,
  "fields": {
    "pergunta": 3,
    "conteudo": "leal, devoto, fiel",
    "perfil": 4
  }
},
{
  "model": "disc_website.alternativa",
  "pk": 12,
  "fields": {
    "pergunta": 3,
    "conteudo": "encantador, faz com que as pessoas gostem",
    "perfil": 2
  }
},
{
  "model": "disc_website.alternativa",
  "pk": 13,
  "fields": {
    "pergunta": 4,
    "conteudo": "mente aberta, receptivo",
    "perfil": 4
  }
},
{
  "model": "disc_website.alternativa",
  "pk": 14,
  "fields": {
    "pergunta": 4,
    "conteudo": "reconhecido pelos demais, gosta de ajudar",
    "perfil": 3
  }
},
{
  "model": "disc_website.alternativa",
  "pk": 15,
  "fields": {
    "pergunta": 4,
    "conteudo": "voluntarioso, carÊter forte e decidido",
    "perfil": 1
  }
},
{
  "model": "disc_website.alternativa",
  "pk": 16,
  "fields": {
    "pergunta": 4,
    "conteudo": "alegre, divertido",
    "perfil": 2
  }
},
{
  "model": "disc_website.alternativa",
  "pk": 17,
  "fields": {
    "pergunta": 5,
    "conteudo": "jovial, gosta de alegrar as pessoas",
    "perfil": 2
  }
},
{
  "model": "disc_website.alternativa",
  "pk": 18,
  "fields": {
    "pergunta": 5,
    "conteudo": "preciso, exato",
    "perfil": 4
  }
},
{
  "model": "disc_website.alternativa",
  "pk": 19,
  "fields": {
    "pergunta": 5,
    "conteudo": "decidido, determinado, audaz",
    "perfil": 1
  }
},
{
  "model": "disc_website.alternativa",
  "pk": 20,
  "fields": {
    "pergunta": 5,
    "conteudo": "est▀vel, de temperamento tranquilo, calmo",
    "perfil": 3
  }
},
{
  "model": "disc_website.alternativa",
  "pk": 21,
  "fields": {
    "pergunta": 6,
    "conteudo": "competitivo, busca ganhar",
    "perfil": 1
  }
},
{
  "model": "disc_website.alternativa",
  "pk": 22,
  "fields": {
    "pergunta": 6,
    "conteudo": "carinhoso, tem muito tato",
    "perfil": 3
  }
},
{
  "model": "disc_website.alternativa",
  "pk": 23,
  "fields": {
    "pergunta": 6,
    "conteudo": "extrovertido, gosta de divertir-se",
    "perfil": 2
  }
},
{
  "model": "disc_website.alternativa",
  "pk": 24,
  "fields": {
    "pergunta": 6,
    "conteudo": "harmonioso, busca o acordo",
    "perfil": 4
  }
},
{
  "model": "disc_website.alternativa",
  "pk": 25,
  "fields": {
    "pergunta": 7,
    "conteudo": "exigente, dif¦cil de satisfazer",
    "perfil": 4
  }
},
{
  "model": "disc_website.alternativa",
  "pk": 26,
  "fields": {
    "pergunta": 7,
    "conteudo": "obediente, faz o que lhe pedem que fa■a, comedido",
    "perfil": 3
  }
},
{
  "model": "disc_website.alternativa",
  "pk": 27,
  "fields": {
    "pergunta": 7,
    "conteudo": "tenaz e decidido, determinado",
    "perfil": 1
  }
},
{
  "model": "disc_website.alternativa",
  "pk": 28,
  "fields": {
    "pergunta": 7,
    "conteudo": "brincalhÊo, divertido",
    "perfil": 2
  }
},
{
  "model": "disc_website.alternativa",
  "pk": 29,
  "fields": {
    "pergunta": 8,
    "conteudo": "valente, temer▀rio, cheio de coragem",
    "perfil": 1
  }
},
{
  "model": "disc_website.alternativa",
  "pk": 30,
  "fields": {
    "pergunta": 8,
    "conteudo": "inspirador, estimulante, motivador",
    "perfil": 2
  }
},
{
  "model": "disc_website.alternativa",
  "pk": 31,
  "fields": {
    "pergunta": 8,
    "conteudo": "obediente, nÊo confronta, cede facilmente",
    "perfil": 3
  }
},
{
  "model": "disc_website.alternativa",
  "pk": 32,
  "fields": {
    "pergunta": 8,
    "conteudo": "t¦mido, apreensivo, calado",
    "perfil": 4
  }
},
{
  "model": "disc_website.alternativa",
  "pk": 33,
  "fields": {
    "pergunta": 9,
    "conteudo": "soci▀vel, desfruta da companhia dos outros",
    "perfil": 2
  }
},
{
  "model": "disc_website.alternativa",
  "pk": 34,
  "fields": {
    "pergunta": 9,
    "conteudo": "paciente, est▀vel, tolerante",
    "perfil": 3
  }
},
{
  "model": "disc_website.alternativa",
  "pk": 35,
  "fields": {
    "pergunta": 9,
    "conteudo": "autossuficiente, independente",
    "perfil": 1
  }
},
{
  "model": "disc_website.alternativa",
  "pk": 36,
  "fields": {
    "pergunta": 9,
    "conteudo": "reservado",
    "perfil": 4
  }
},
{
  "model": "disc_website.alternativa",
  "pk": 37,
  "fields": {
    "pergunta": 10,
    "conteudo": "aventureiro, desejoso de arriscar-se",
    "perfil": 1
  }
},
{
  "model": "disc_website.alternativa",
  "pk": 38,
  "fields": {
    "pergunta": 10,
    "conteudo": "receptivo, aberto a sugestºes",
    "perfil": 2
  }
},
{
  "model": "disc_website.alternativa",
  "pk": 39,
  "fields": {
    "pergunta": 10,
    "conteudo": "cordial, c▀lido, amistoso",
    "perfil": 3
  }
},
{
  "model": "disc_website.alternativa",
  "pk": 40,
  "fields": {
    "pergunta": 10,
    "conteudo": "moderado, evita os extremos",
    "perfil": 4
  }
},
{
  "model": "disc_website.alternativa",
  "pk": 41,
  "fields": {
    "pergunta": 11,
    "conteudo": "expressivo, fala muito",
    "perfil": 2
  }
},
{
  "model": "disc_website.alternativa",
  "pk": 42,
  "fields": {
    "pergunta": 11,
    "conteudo": "controlado, pouco expressivo",
    "perfil": 4
  }
},
{
  "model": "disc_website.alternativa",
  "pk": 43,
  "fields": {
    "pergunta": 11,
    "conteudo": "convencional, sistem▀tico, gosta da rotina",
    "perfil": 3
  }
},
{
  "model": "disc_website.alternativa",
  "pk": 44,
  "fields": {
    "pergunta": 11,
    "conteudo": "decidido, certo, firme ao tomar decisºes",
    "perfil": 1
  }
},
{
  "model": "disc_website.alternativa",
  "pk": 45,
  "fields": {
    "pergunta": 12,
    "conteudo": "refinado, elegante ao falar",
    "perfil": 4
  }
},
{
  "model": "disc_website.alternativa",
  "pk": 46,
  "fields": {
    "pergunta": 12,
    "conteudo": "busca desafios, assume riscos",
    "perfil": 1
  }
},
{
  "model": "disc_website.alternativa",
  "pk": 47,
  "fields": {
    "pergunta": 12,
    "conteudo": "diplom▀tico, tem tato com as pessoas",
    "perfil": 3
  }
},
{
  "model": "disc_website.alternativa",
  "pk": 48,
  "fields": {
    "pergunta": 12,
    "conteudo": "satisfeito, contente, confort▀vel",
    "perfil": 2
  }
},
{
  "model": "disc_website.alternativa",
  "pk": 49,
  "fields": {
    "pergunta": 13,
    "conteudo": "agressivo, desafiante, enfocado na a■Êo ou objetivo",
    "perfil": 1
  }
},
{
  "model": "disc_website.alternativa",
  "pk": 50,
  "fields": {
    "pergunta": 13,
    "conteudo": "alma da festa, divertido, extrovertido",
    "perfil": 2
  }
},
{
  "model": "disc_website.alternativa",
  "pk": 51,
  "fields": {
    "pergunta": 13,
    "conteudo": "ing█nuo, ┌ f▀cil que se aproveitem dele",
    "perfil": 3
  }
},
{
  "model": "disc_website.alternativa",
  "pk": 52,
  "fields": {
    "pergunta": 13,
    "conteudo": "temeroso, tende a preocupar-se muito",
    "perfil": 4
  }
},
{
  "model": "disc_website.alternativa",
  "pk": 53,
  "fields": {
    "pergunta": 14,
    "conteudo": "cuidadoso, desconfiado, cauteloso",
    "perfil": 4
  }
},
{
  "model": "disc_website.alternativa",
  "pk": 54,
  "fields": {
    "pergunta": 14,
    "conteudo": "determinado, decidido, nÊo desiste, se pºe firme",
    "perfil": 1
  }
},
{
  "model": "disc_website.alternativa",
  "pk": 55,
  "fields": {
    "pergunta": 14,
    "conteudo": "convincente, transmite seguran■a",
    "perfil": 2
  }
},
{
  "model": "disc_website.alternativa",
  "pk": 56,
  "fields": {
    "pergunta": 14,
    "conteudo": "de bom car▀ter, cort█s, gosta de satisfazer os demais",
    "perfil": 3
  }
},
{
  "model": "disc_website.alternativa",
  "pk": 57,
  "fields": {
    "pergunta": 15,
    "conteudo": "entusiasta, se envolve com o que faz",
    "perfil": 1
  }
},
{
  "model": "disc_website.alternativa",
  "pk": 58,
  "fields": {
    "pergunta": 15,
    "conteudo": "impaciente, ansioso, desesperado ▀s vezes",
    "perfil": 4
  }
},
{
  "model": "disc_website.alternativa",
  "pk": 59,
  "fields": {
    "pergunta": 15,
    "conteudo": "amistoso, consegue acordos, aceita",
    "perfil": 3
  }
},
{
  "model": "disc_website.alternativa",
  "pk": 60,
  "fields": {
    "pergunta": 15,
    "conteudo": "animado, vivaz, entusiasta",
    "perfil": 2
  }
},
{
  "model": "disc_website.alternativa",
  "pk": 61,
  "fields": {
    "pergunta": 16,
    "conteudo": "tem autoconfian■a, cr█ em si mesmo, seguro",
    "perfil": 2
  }
},
{
  "model": "disc_website.alternativa",
  "pk": 62,
  "fields": {
    "pergunta": 16,
    "conteudo": "compreensivo, compassivo, apoiador das pessoas",
    "perfil": 3
  }
},
{
  "model": "disc_website.alternativa",
  "pk": 63,
  "fields": {
    "pergunta": 16,
    "conteudo": "tolerante",
    "perfil": 4
  }
},
{
  "model": "disc_website.alternativa",
  "pk": 64,
  "fields": {
    "pergunta": 16,
    "conteudo": "assertivo, agressivo, direto",
    "perfil": 1
  }
},
{
  "model": "disc_website.alternativa",
  "pk": 65,
  "fields": {
    "pergunta": 17,
    "conteudo": "muito disciplinado, auto controlado",
    "perfil": 4
  }
},
{
  "model": "disc_website.alternativa",
  "pk": 66,
  "fields": {
    "pergunta": 17,
    "conteudo": "generoso, gosta de compartilhar",
    "perfil": 3
  }
},
{
  "model": "disc_website.alternativa",
  "pk": 67,
  "fields": {
    "pergunta": 17,
    "conteudo": "animado, expressivo, usa muitos gestos",
    "perfil": 2
  }
},
{
  "model": "disc_website.alternativa",
  "pk": 68,
  "fields": {
    "pergunta": 17,
    "conteudo": "persistente, nÊo volta atr▀s, se nega a perder",
    "perfil": 1
  }
},
{
  "model": "disc_website.alternativa",
  "pk": 69,
  "fields": {
    "pergunta": 18,
    "conteudo": "admir▀vel, digno de reconhecimento",
    "perfil": 4
  }
},
{
  "model": "disc_website.alternativa",
  "pk": 70,
  "fields": {
    "pergunta": 18,
    "conteudo": "am▀vel, desejoso de ajudar e de compartilhar",
    "perfil": 2
  }
},
{
  "model": "disc_website.alternativa",
  "pk": 71,
  "fields": {
    "pergunta": 18,
    "conteudo": "resignado, desiste, nÊo luta",
    "perfil": 3
  }
},
{
  "model": "disc_website.alternativa",
  "pk": 72,
  "fields": {
    "pergunta": 18,
    "conteudo": "car▀ter forte, poderoso",
    "perfil": 1
  }
},
{
  "model": "disc_website.alternativa",
  "pk": 73,
  "fields": {
    "pergunta": 19,
    "conteudo": "respeitoso, trata as pessoas com considera■Êo",
    "perfil": 4
  }
},
{
  "model": "disc_website.alternativa",
  "pk": 74,
  "fields": {
    "pergunta": 19,
    "conteudo": "pioneiro, explorador, inovador",
    "perfil": 1
  }
},
{
  "model": "disc_website.alternativa",
  "pk": 75,
  "fields": {
    "pergunta": 19,
    "conteudo": "otimista, v█ o lado positivo de tudo",
    "perfil": 2
  }
},
{
  "model": "disc_website.alternativa",
  "pk": 76,
  "fields": {
    "pergunta": 19,
    "conteudo": "se acomoda, complacente, pronto para ajudar",
    "perfil": 3
  }
},
{
  "model": "disc_website.alternativa",
  "pk": 77,
  "fields": {
    "pergunta": 20,
    "conteudo": "gosta de discutir, controverso, confrontante",
    "perfil": 1
  }
},
{
  "model": "disc_website.alternativa",
  "pk": 78,
  "fields": {
    "pergunta": 20,
    "conteudo": "adapt▀vel, flex¦vel",
    "perfil": 4
  }
},
{
  "model": "disc_website.alternativa",
  "pk": 79,
  "fields": {
    "pergunta": 20,
    "conteudo": "relaxado, leva as coisas com calma, tranquilo",
    "perfil": 3
  }
},
{
  "model": "disc_website.alternativa",
  "pk": 80,
  "fields": {
    "pergunta": 20,
    "conteudo": "leve, despreocupado, descomplicado",
    "perfil": 2
  }
},
{
  "model": "disc_website.alternativa",
  "pk": 81,
  "fields": {
    "pergunta": 21,
    "conteudo": "confia nos demais, tem f┌ nas pessoas",
    "perfil": 3
  }
},
{
  "model": "disc_website.alternativa",
  "pk": 82,
  "fields": {
    "pergunta": 21,
    "conteudo": "contente, satisfeito",
    "perfil": 2
  }
},
{
  "model": "disc_website.alternativa",
  "pk": 83,
  "fields": {
    "pergunta": 21,
    "conteudo": "positivo, nÊo admite dÀvidas nem temores",
    "perfil": 1
  }
},
{
  "model": "disc_website.alternativa",
  "pk": 84,
  "fields": {
    "pergunta": 21,
    "conteudo": "pac¦fico, tranquilo",
    "perfil": 4
  }
},
{
  "model": "disc_website.alternativa",
  "pk": 85,
  "fields": {
    "pergunta": 22,
    "conteudo": "socialmente h▀bil, gosta de estar com os demais",
    "perfil": 2
  }
},
{
  "model": "disc_website.alternativa",
  "pk": 86,
  "fields": {
    "pergunta": 22,
    "conteudo": "educado, culto, conhecedor",
    "perfil": 4
  }
},
{
  "model": "disc_website.alternativa",
  "pk": 87,
  "fields": {
    "pergunta": 22,
    "conteudo": "vigoroso, en┌rgico",
    "perfil": 1
  }
},
{
  "model": "disc_website.alternativa",
  "pk": 88,
  "fields": {
    "pergunta": 22,
    "conteudo": "tolerante, pouco exato, compreensivo",
    "perfil": 3
  }
},
{
  "model": "disc_website.alternativa",
  "pk": 89,
  "fields": {
    "pergunta": 23,
    "conteudo": "agrad▀vel, sua companhia ┌ prazerosa",
    "perfil": 2
  }
},
{
  "model": "disc_website.alternativa",
  "pk": 90,
  "fields": {
    "pergunta": 23,
    "conteudo": "exato, correto, preciso",
    "perfil": 4
  }
},
{
  "model": "disc_website.alternativa",
  "pk": 91,
  "fields": {
    "pergunta": 23,
    "conteudo": "tem opiniºes claras, fala livre e abertamente",
    "perfil": 1
  }
},
{
  "model": "disc_website.alternativa",
  "pk": 92,
  "fields": {
    "pergunta": 23,
    "conteudo": "reservado, controlado",
    "perfil": 3
  }
},
{
  "model": "disc_website.alternativa",
  "pk": 93,
  "fields": {
    "pergunta": 24,
    "conteudo": "impaciente, nÊo se permite relaxar, nÊo descansa",
    "perfil": 1
  }
},
{
  "model": "disc_website.alternativa",
  "pk": 94,
  "fields": {
    "pergunta": 24,
    "conteudo": "soci▀vel, am▀vel",
    "perfil": 3
  }
},
{
  "model": "disc_website.alternativa",
  "pk": 95,
  "fields": {
    "pergunta": 24,
    "conteudo": "popular, apreciado por muitas pessoas",
    "perfil": 2
  }
},
{
  "model": "disc_website.alternativa",
  "pk": 96,
  "fields": {
    "pergunta": 24,
    "conteudo": "ordenado, organizado, claro",
    "perfil": 4
  }
}
]
